<?xml version="1.0" encoding="utf-8"?>
<element type="googleplus" group="Web Service">
	<name>GooglePlus</name>
	<author>Jean-Christophe Lavocat</author>
	<creationDate>June 2011</creationDate>
	<copyright>Copyright (C) 2011 Jean-Christophe Lavocat</copyright>
	<authorEmail>jice@lavocat.name</authorEmail>
	<authorUrl>http://jice.lavocat.name/blog</authorUrl>
	<version>1.0.1</version>
	<description>Google +1 Button</description>
	<params>
		<param name="name" type="text" default="Google +1" label="Name" description="Name used in item editor" />
		<param name="description" type="text" default="" label="Description" description="DESCRIPTION_TOOLTIP_ITEM_EDITOR" />
		<param name="access" type="zooaccesslevel" default="" label="Access Level" description="DETAILACCESS" />
		<param name="default" type="radio" default="1" label="Default value" description="Default value">
			<option value="0">JNO</option>
			<option value="1">JYES</option>
		</param>
	</params>
	<params group="render">
		<param name="showlabel" type="radio" default="0" label="Show Label" description="Show/Hide element label">
			<option value="0">JNO</option>
			<option value="1">JYES</option>
		</param>
		<param name="altlabel" type="text" default="" label="Alternative Label" description="CUSTOM_LABEL" />
		<param name="size" type="zoolist" default="small" label="Size of the button" description="Size of the +1 button">
			<option name="small">Small</option>
			<option name="medium">Medium</option>
			<option name="standard">Standard</option>
			<option name="tall">Tall</option>
		</param>
		<param name="show_counts" type="radio" default="true" label="Show Counts" description="Show number of clicks.">
			<option value="false">JNO</option>
			<option value="true">JYES</option>
		</param>
		<param name="lang" type="text" default="" label="Language" description="The language of your website. Choose the value in the list http://code.google.com/apis/+1button/#languages. Example : for Frenche, use the value 'fr'. Leave blanck for default English." />
	</params>
    <params group="submission">
		<param name="altlabel" type="text" default="" label="Alternative Label" description="CUSTOM_LABEL" />
		<param name="required" type="radio" default="0" label="Required" description="Required Field">
			<option value="0">JNO</option>
			<option value="1">JYES</option>
		</param>
	</params>
</element>